Adam Bernstein;movie;Six Ways to Sunday;Six Ways to Sunday
Adam Bernstein;tvSeries;Breaking Bad;Breaking Bad
Adam Bernstein;tvSeries;30 Rock;30 Rock
Adam Bernstein;tvSeries;Fargo;Fargo
Alan Taylor;movie;Thor: The Dark World;Thor: The Dark World
Alan Taylor;movie;The Emperor's New Clothes;The Emperor's New Clothes
Alan Taylor;tvSeries;Game of Thrones;Game of Thrones
Alan Taylor;movie;Terminator Genisys;Terminator Genisys
Alex Graves;tvSeries;Proof;Proof
Alex Graves;tvSeries;Game of Thrones;Game of Thrones
Alex Graves;tvSeries;The West Wing;The West Wing
Alex Graves;movie;The Crude Oasis;The Crude Oasis
Alik Sakharov;tvSeries;Ozark;Ozark
Alik Sakharov;tvSeries;Game of Thrones;Game of Thrones
Alik Sakharov;tvSeries;The Sopranos;The Sopranos
Alik Sakharov;tvSeries;House of Cards;House of Cards
Colin Bucksey;tvSeries;Educating Marmalade;Educating Marmalade
Colin Bucksey;tvSeries;Person of Interest;Person of Interest
Colin Bucksey;tvSeries;Breaking Bad;Breaking Bad
Colin Bucksey;tvSeries;Fargo;Fargo
Ed Bianchi;tvSeries;The Wire;The Wire
Ed Bianchi;tvSeries;City on a Hill;City on a Hill
Ed Bianchi;tvSeries;Boardwalk Empire;Boardwalk Empire
Ed Bianchi;tvSeries;Deadwood;Deadwood
Jeremy Podeswa;tvMiniSeries;Station Eleven;Station Eleven
Jeremy Podeswa;tvSeries;Game of Thrones;Game of Thrones
Jeremy Podeswa;tvMiniSeries;The Pacific;The Pacific
Jeremy Podeswa;tvSeries;The Handmaid's Tale;The Handmaid's Tale
Matt Shakman;tvSeries;The Great;The Great
Matt Shakman;tvSeries;Game of Thrones;Game of Thrones
Matt Shakman;tvSeries;It's Always Sunny in Philadelphia;It's Always Sunny in Philadelphia
Matt Shakman;tvMiniSeries;WandaVision;WandaVision
Michael Slovis;tvSeries;Breaking Bad;Breaking Bad
Michael Slovis;movie;Nick and Norah's Infinite Playlist;Nick and Norah's Infinite Playlist
Michael Slovis;tvSeries;CSI: Crime Scene Investigation;CSI: Crime Scene Investigation
Michael Slovis;tvSeries;New Amsterdam;New Amsterdam
Michelle MacLaren;tvSeries;The Walking Dead;The Walking Dead
Michelle MacLaren;tvSeries;Breaking Bad;Breaking Bad
Michelle MacLaren;tvSeries;The X-Files;The X Files
Michelle MacLaren;tvSeries;Game of Thrones;Game of Thrones
